pickup_hour,pickup_weekday,pickup_month,trip_distance,fare_amount,trip_duration_minutes,vendor_id,passenger_bucket,ratecode,store_and_fwd_flag,pickup_borough,pickup_zone,dropoff_borough,dropoff_zone,taxi_type,month_split,PULocationID,DOLocationID,tip_amount,tip_given,log_tip_amount
11,1,6,0.56,7.2,6.483333333333333,2,1,1,N,Manhattan,Upper East Side South,Manhattan,Yorkville West,yellow,train,237,263,2.8,1,1.33500106673234
22,1,9,11.76,47.8,26.8,2,1,1,N,Queens,Flushing Meadows-Corona Park,Manhattan,Midtown North,green,train,93,163,18.22,1,2.9559514035421466
22,5,5,1.2,13.5,14.4,2,4,1,N,Manhattan,West Village,Manhattan,SoHo,yellow,train,249,211,2.0,1,1.0986122886681098
22,3,2,0.03,15.0,0.4,2,1,5,N,Manhattan,TriBeCa/Civic Center,Manhattan,TriBeCa/Civic Center,yellow,train,231,231,0.0,0,0.0
8,3,6,2.3,19.1,20.95,1,1,1,N,Manhattan,East Harlem North,Manhattan,Manhattan Valley,green,train,74,151,4.1,1,1.62924053973028
16,5,10,0.97,15.0,4.533333333333333,2,1,5,N,Queens,Forest Hills,Queens,Corona,green,valid,95,56,3.2,1,1.4350845252893227
8,2,7,4.11,27.5,28.683333333333334,2,1,1,N,Manhattan,East Harlem North,Manhattan,Washington Heights North,green,train,74,243,0.0,0,0.0
23,2,8,1.41,12.1,11.916666666666666,2,1,1,N,Manhattan,Hudson Sq,Manhattan,Two Bridges/Seward Park,yellow,train,125,232,3.57,1,1.5195132049061133
3,5,2,1.33,9.3,6.85,2,1,1,N,Manhattan,Midtown Center,Manhattan,West Chelsea/Hudson Yards,yellow,train,161,246,0.0,0,0.0
0,4,8,2.28,12.1,8.433333333333334,2,1,1,N,Manhattan,East Harlem South,Manhattan,Upper West Side South,green,train,75,239,3.47,1,1.4973884086254776
11,5,5,7.78,35.9,24.016666666666666,2,1,1,N,Manhattan,World Trade Center,Manhattan,Upper East Side South,yellow,train,261,237,8.13,1,2.211565694606877
21,1,11,0.79,6.5,4.633333333333334,2,1,1,N,Manhattan,Garment District,Manhattan,Penn Station/Madison Sq West,yellow,test,100,186,2.45,1,1.2383742310432684
14,2,4,2.96,23.3,25.2,2,1,1,N,Manhattan,Midtown East,Manhattan,Upper West Side South,yellow,train,162,239,5.61,1,1.888583653863595
0,6,11,1.7,11.4,9.933333333333334,1,1,1,N,Manhattan,East Village,Manhattan,UN/Turtle Bay South,yellow,test,79,233,1.0,1,0.6931471805599453
19,2,5,1.02,8.6,7.216666666666667,2,1,1,N,Manhattan,Manhattan Valley,Manhattan,Upper West Side North,yellow,train,151,238,3.77,1,1.5623463049002497
16,3,9,1.77,13.5,12.583333333333334,2,1,1,N,Manhattan,East Harlem South,Manhattan,Lenox Hill East,green,train,75,140,4.05,1,1.6193882432872684
19,3,6,5.25,28.2,26.15,2,1,1,N,Manhattan,West Village,Manhattan,Yorkville East,yellow,train,249,262,7.09,1,2.0906287310704004
0,4,6,19.82,75.8,37.88333333333333,2,1,1,N,Queens,JFK Airport,Brooklyn,Borough Park,yellow,train,132,26,0.0,0,0.0
21,3,11,1.34,12.1,11.766666666666667,2,1,1,N,Brooklyn,Downtown Brooklyn/MetroTech,Brooklyn,Fort Greene,green,test,65,97,5.0,1,1.791759469228055
14,5,12,15.77,70.0,43.36666666666667,2,1,2,N,Manhattan,UN/Turtle Bay South,Queens,JFK Airport,yellow,test,233,132,5.0,1,1.791759469228055
22,2,6,6.3,27.5,18.783333333333335,1,1,1,N,Manhattan,Midtown Center,Manhattan,World Trade Center,yellow,train,161,261,10.0,1,2.3978952727983707
18,0,6,1.1,6.5,4.933333333333334,1,1,1,N,Manhattan,Upper East Side North,Manhattan,East Harlem North,yellow,train,236,74,1.25,1,0.8109302162163288
16,4,12,0.2,5.8,4.366666666666666,1,Unknown,1,N,Brooklyn,Fort Greene,Brooklyn,Fort Greene,green,test,97,97,1.95,1,1.0818051703517284
23,3,11,0.75,6.5,4.283333333333333,2,1,1,N,Manhattan,Midtown East,Manhattan,Sutton Place/Turtle Bay North,yellow,test,162,229,3.06,1,1.4011829736136414
16,4,12,2.43,17.0,18.2,2,2,1,N,Brooklyn,Fort Greene,Brooklyn,Bedford,green,test,97,17,0.0,0,0.0
23,3,10,24.39,103.1,61.15,2,5,1,N,Queens,Springfield Gardens South,Unknown,Outside of NYC,yellow,valid,219,265,5.0,1,1.791759469228055
7,4,7,1.43,11.4,11.6,2,1,1,N,Manhattan,East Harlem North,Manhattan,East Harlem South,green,train,74,75,2.0,1,1.0986122886681098
16,5,12,2.49,16.3,16.466666666666665,2,4,1,N,Manhattan,Lincoln Square East,Manhattan,Manhattan Valley,yellow,test,142,151,4.06,1,1.6213664832993742
19,0,6,2.34,14.9,13.433333333333334,2,1,1,N,Manhattan,Central Harlem,Manhattan,Upper West Side North,green,train,41,238,1.8,1,1.0296194171811581
16,0,1,2.24,16.3,16.633333333333333,2,1,1,N,Manhattan,Midtown Center,Manhattan,Upper East Side North,yellow,train,161,236,4.71,1,1.742219023667919
13,5,4,1.36,13.5,13.9,2,1,1,N,Queens,Elmhurst,Queens,Elmhurst,green,train,82,82,0.01,1,0.009950330853168083
19,1,4,2.45,18.4,18.9,2,1,1,N,Manhattan,Times Sq/Theatre District,Manhattan,Upper East Side North,yellow,train,230,236,3.85,1,1.5789787049493917
10,1,7,1.8,13.5,12.916666666666666,2,2,1,N,Manhattan,East Harlem North,Manhattan,East Harlem South,green,train,74,75,0.0,0,0.0
16,1,4,1.0,9.3,8.083333333333334,1,1,1,N,Brooklyn,Sheepshead Bay,Brooklyn,Brighton Beach,green,train,210,29,2.0,1,1.0986122886681098
7,2,10,0.61,6.5,5.55,2,1,1,N,Manhattan,TriBeCa/Civic Center,Manhattan,TriBeCa/Civic Center,yellow,valid,231,231,2.0,1,1.0986122886681098
18,2,10,1.86,15.6,17.033333333333335,2,1,1,N,Queens,Elmhurst,Queens,Elmhurst,green,valid,82,82,1.96,1,1.085189268335969
22,4,1,0.4,6.5,5.533333333333333,1,1,1,Y,Manhattan,Clinton West,Manhattan,Clinton East,yellow,train,50,48,2.45,1,1.2383742310432684
12,2,11,0.87,12.8,13.916666666666666,2,1,1,N,Manhattan,Lincoln Square East,Manhattan,Upper East Side South,yellow,test,142,237,3.36,1,1.4724720573609429
22,2,2,0.71,5.8,2.6333333333333333,2,1,1,N,Manhattan,Upper East Side North,Manhattan,Central Park,green,train,236,43,2.08,1,1.1249295969854831
22,5,5,1.7,9.3,5.95,1,Unknown,1,N,Manhattan,Lincoln Square East,Manhattan,Manhattan Valley,yellow,train,142,151,2.15,1,1.1474024528375417
17,4,10,4.12,24.7,22.783333333333335,2,1,1,N,Manhattan,East Harlem North,Manhattan,Upper West Side North,green,valid,74,238,2.0,1,1.0986122886681098
14,3,5,1.32,10.7,10.6,2,1,1,N,Manhattan,Clinton East,Manhattan,Sutton Place/Turtle Bay North,yellow,train,48,229,3.09,1,1.4085449700547104
8,0,8,10.0,46.4,43.36666666666667,1,1,1,N,Queens,LaGuardia Airport,Manhattan,West Chelsea/Hudson Yards,yellow,train,138,246,12.96,1,2.6361960973342264
10,3,2,1.22,10.0,9.566666666666666,2,1,1,N,Manhattan,Upper East Side South,Manhattan,Yorkville East,yellow,train,237,262,2.0,1,1.0986122886681098
12,3,11,2.34,25.4,29.35,2,4,1,N,Manhattan,Central Park,Manhattan,Midtown North,green,test,43,163,6.08,1,1.9572739077056285
20,2,7,1.19,10.7,10.416666666666666,2,1,1,N,Manhattan,East Chelsea,Manhattan,Midtown North,yellow,train,68,163,3.29,1,1.4562867329399256
22,1,11,8.1,60.0,180.0,2,2,5,N,Brooklyn,Park Slope,Manhattan,Midtown Center,green,test,181,161,0.0,0,0.0
8,6,2,2.03,11.4,9.166666666666666,2,1,1,N,Manhattan,Sutton Place/Turtle Bay North,Manhattan,East Chelsea,yellow,train,229,68,3.23,1,1.4422019930581866
14,3,12,2.29,19.1,19.75,2,2,1,N,Brooklyn,Fort Greene,Brooklyn,Crown Heights North,green,test,97,61,4.12,1,1.6331544390514163
10,1,9,1.1,10.7,9.416666666666666,1,1,1,N,Manhattan,Upper West Side South,Manhattan,Midtown North,yellow,train,239,163,2.55,1,1.2669476034873244
18,4,2,1.25,10.0,8.683333333333334,2,1,1,N,Manhattan,Greenwich Village South,Manhattan,Flatiron,yellow,train,114,90,3.45,1,1.4929040961781488
19,0,7,1.62,10.0,8.033333333333333,2,1,1,N,Manhattan,Union Sq,Manhattan,East Chelsea,yellow,train,234,68,0.0,0,0.0
15,2,1,3.21,21.2,21.25,2,1,1,N,Manhattan,Manhattan Valley,Manhattan,Midtown Center,yellow,train,151,161,2.0,1,1.0986122886681098
10,1,5,0.66,7.2,6.1,2,1,1,N,Manhattan,Union Sq,Manhattan,Union Sq,yellow,train,234,234,2.39,1,1.220829921392359
9,4,6,0.9,9.3,8.433333333333334,1,1,1,N,Manhattan,Clinton West,Manhattan,Midtown Center,yellow,train,50,161,2.0,1,1.0986122886681098
18,3,4,4.67,20.5,15.366666666666667,2,1,1,N,Queens,Elmhurst/Maspeth,Queens,LaGuardia Airport,green,train,83,138,5.9,1,1.9315214116032138
13,1,6,0.8,7.2,5.533333333333333,2,1,1,N,Manhattan,Lenox Hill East,Manhattan,Sutton Place/Turtle Bay North,yellow,train,140,229,2.99,1,1.3837912309017721
11,2,11,0.5,5.8,4.1,1,1,1,N,Manhattan,Gramercy,Manhattan,Kips Bay,yellow,test,107,137,1.0,1,0.6931471805599453
19,2,7,0.65,5.1,2.6666666666666665,2,1,1,N,Manhattan,Little Italy/NoLiTa,Manhattan,TriBeCa/Civic Center,yellow,train,144,231,0.5,1,0.4054651081081644
11,2,7,1.44,10.7,8.7,2,1,1,N,Manhattan,UN/Turtle Bay South,Manhattan,Midtown Center,yellow,train,233,161,3.86,1,1.5810384379124023
16,2,9,7.9,45.0,45.13333333333333,2,1,1,N,Queens,LaGuardia Airport,Manhattan,Midtown South,yellow,train,138,164,12.84,1,2.6275629501895237
19,5,11,2.01,21.2,24.333333333333332,2,1,1,N,Manhattan,Midtown East,Manhattan,Penn Station/Madison Sq West,yellow,test,162,186,5.19,1,1.8229350866965048
4,1,7,10.0,37.5,36.666666666666664,1,1,99,N,Brooklyn,Crown Heights North,Manhattan,Lenox Hill East,yellow,train,61,140,0.0,0,0.0
9,0,12,0.9,12.1,13.45,1,1,1,N,Manhattan,UN/Turtle Bay South,Manhattan,Times Sq/Theatre District,yellow,test,233,230,4.2,1,1.6486586255873816
21,6,11,3.4,17.7,13.783333333333333,2,1,1,N,Manhattan,Morningside Heights,Manhattan,Upper East Side South,green,test,166,237,4.0,1,1.6094379124341003
16,2,12,2.85,28.2,33.86666666666667,2,1,1,N,Manhattan,Central Park,Manhattan,Midtown East,green,test,43,162,0.0,0,0.0
22,2,7,2.6,13.5,11.5,2,Unknown,1,N,Manhattan,Midtown South,Manhattan,Alphabet City,yellow,train,164,4,2.0,1,1.0986122886681098
19,4,8,2.63,17.0,15.85,2,1,1,N,Manhattan,Upper East Side North,Manhattan,Murray Hill,yellow,train,236,170,4.85,1,1.766441661243765
15,3,9,3.05,19.8,19.4,2,2,1,N,Manhattan,SoHo,Manhattan,Financial District South,yellow,train,211,88,4.91,1,1.776645831418007
5,6,3,1.74,10.7,9.166666666666666,2,1,1,N,Manhattan,West Village,Manhattan,Penn Station/Madison Sq West,yellow,train,249,186,4.93,1,1.780024213009634
16,0,3,1.55,14.2,13.816666666666666,2,1,1,N,Manhattan,Midtown Center,Manhattan,Union Sq,yellow,train,161,234,1.0,1,0.6931471805599453
19,5,8,20.34,70.0,50.53333333333333,2,1,2,N,Queens,JFK Airport,Manhattan,TriBeCa/Civic Center,yellow,train,132,231,16.34,1,2.853015971352396
15,3,3,1.85,21.9,26.3,2,1,1,N,Manhattan,Hudson Sq,Manhattan,West Chelsea/Hudson Yards,yellow,train,125,246,5.33,1,1.8453002361560848
15,3,6,0.89,7.9,6.183333333333334,2,1,1,N,Manhattan,West Village,Manhattan,Flatiron,yellow,train,249,90,2.0,1,1.0986122886681098
13,0,3,0.69,7.2,5.066666666666666,2,1,1,N,Manhattan,East Chelsea,Manhattan,East Chelsea,yellow,train,68,68,2.99,1,1.3837912309017721
21,0,3,1.81,10.7,7.9,2,1,1,N,Manhattan,Central Harlem,Manhattan,Yorkville West,yellow,train,41,263,1.3,1,0.832909122935104
23,6,8,1.98,12.8,10.733333333333333,2,1,1,N,Manhattan,East Chelsea,Manhattan,Greenwich Village North,yellow,train,68,113,3.71,1,1.5496879080283263
9,2,4,0.75,10.7,11.183333333333334,2,1,1,N,Manhattan,Midtown East,Manhattan,Midtown North,yellow,train,162,163,1.54,1,0.9321640810304452
17,2,2,2.47,16.3,16.016666666666666,2,3,1,N,Manhattan,Hudson Sq,Manhattan,Times Sq/Theatre District,yellow,train,125,230,4.71,1,1.742219023667919
10,1,2,1.3,10.0,9.15,2,1,1,N,Manhattan,Union Sq,Manhattan,Greenwich Village South,yellow,train,234,114,1.48,1,0.9082585601768908
7,1,4,1.49,9.3,7.4,2,1,1,N,Manhattan,Central Park,Manhattan,Upper East Side South,green,train,43,237,1.36,1,0.8586616190375187
17,4,12,0.81,8.6,8.166666666666666,2,1,1,N,Manhattan,Midtown East,Manhattan,Lenox Hill West,yellow,test,162,141,3.0,1,1.3862943611198906
13,2,9,1.8,12.8,15.216666666666667,1,1,1,N,Manhattan,East Harlem North,Manhattan,Yorkville West,green,train,74,263,3.4,1,1.4816045409242156
12,5,10,1.33,14.0,9.033333333333333,2,1,5,N,Queens,Woodside,Queens,Maspeth,green,valid,260,157,4.5,1,1.7047480922384253
16,4,12,2.41,18.4,18.2,2,1,1,N,Manhattan,Midtown East,Manhattan,Yorkville East,yellow,test,162,262,5.13,1,1.81319474994812
9,0,1,2.8,17.0,15.416666666666666,2,1,1,N,Manhattan,Central Harlem,Manhattan,Upper East Side North,green,train,41,236,2.0,1,1.0986122886681098
16,1,5,6.67,35.9,35.21666666666667,2,1,1,N,Manhattan,East Harlem North,Queens,LaGuardia Airport,green,train,74,138,10.37,1,2.4309783077624445
22,5,7,1.94,14.2,13.716666666666667,2,1,1,N,Manhattan,Penn Station/Madison Sq West,Manhattan,Upper East Side South,yellow,train,186,237,3.99,1,1.6074359097634274
16,0,8,0.75,7.9,6.15,2,1,1,N,Queens,Steinway,Queens,Steinway,green,train,223,223,3.57,1,1.5195132049061133
16,0,4,1.55,11.4,10.266666666666667,2,1,1,N,Manhattan,Flatiron,Manhattan,West Village,yellow,train,90,249,4.66,1,1.7334238922150915
13,0,12,7.07,40.8,42.0,2,1,1,N,Manhattan,Morningside Heights,Manhattan,Roosevelt Island,yellow,test,166,202,9.11,1,2.3135250330323798
1,5,10,2.48,14.9,13.783333333333333,2,3,1,N,Manhattan,SoHo,Manhattan,Kips Bay,yellow,valid,211,137,1.0,1,0.6931471805599453
22,3,10,1.7,10.7,9.4,2,1,1,N,Manhattan,West Village,Manhattan,Penn Station/Madison Sq West,yellow,valid,249,186,2.47,1,1.244154593958768
17,2,10,2.4,14.9,14.566666666666666,2,2,1,N,Manhattan,East Harlem North,Manhattan,Yorkville West,green,valid,74,263,5.41,1,1.8578592709325787
17,3,8,20.46,84.9,62.75,2,1,1,N,Queens,JFK Airport,Bronx,Fordham South,yellow,train,132,94,19.82,1,3.035914063186823
14,4,5,1.05,12.1,12.066666666666666,2,1,1,N,Manhattan,Midtown Center,Manhattan,Sutton Place/Turtle Bay North,yellow,train,161,229,0.0,0,0.0
4,6,5,0.9,7.2,5.316666666666666,1,1,1,N,Manhattan,Midtown North,Manhattan,Sutton Place/Turtle Bay North,yellow,train,163,229,2.0,1,1.0986122886681098
22,2,8,13.45,54.8,31.9,2,1,1,N,Queens,Forest Hills,Brooklyn,Cobble Hill,green,train,95,52,11.46,1,2.522523513359307
9,4,5,1.38,10.0,8.533333333333333,2,1,1,N,Manhattan,Lincoln Square West,Manhattan,Upper East Side South,yellow,train,143,237,2.8,1,1.33500106673234
23,4,8,0.8,10.7,11.25,2,1,1,N,Manhattan,West Village,Manhattan,East Village,yellow,train,249,79,3.29,1,1.4562867329399256
22,0,7,1.24,10.7,10.016666666666667,2,2,1,N,Manhattan,Midtown East,Manhattan,UN/Turtle Bay South,yellow,train,162,233,3.29,1,1.4562867329399256
18,2,12,3.08,14.2,7.683333333333334,2,1,1,N,Queens,Forest Hills,Queens,Briarwood/Jamaica Hills,green,test,95,28,5.46,1,1.8656293177945105
13,5,6,1.57,15.6,16.083333333333332,2,1,1,N,Manhattan,Flatiron,Manhattan,Murray Hill,yellow,train,90,170,4.07,1,1.623340817603092
10,1,11,1.19,10.0,8.6,2,1,1,N,Manhattan,Lincoln Square West,Manhattan,Midtown North,yellow,test,143,163,2.95,1,1.3737155789130306
17,2,4,5.42,49.0,23.383333333333333,2,2,5,N,Queens,LaGuardia Airport,Queens,Long Island City/Hunters Point,yellow,train,138,145,8.0,1,2.1972245773362196
22,2,12,1.31,9.3,7.1,2,1,1,N,Manhattan,East Harlem North,Manhattan,Central Harlem North,green,test,74,42,2.36,1,1.2119409739751128
20,5,9,4.32,21.2,18.266666666666666,2,2,1,N,Manhattan,East Village,Manhattan,Yorkville West,yellow,train,79,263,5.39,1,1.8547342683894434
23,4,4,1.43,10.7,9.9,2,1,1,N,Manhattan,East Village,Manhattan,Little Italy/NoLiTa,yellow,train,79,144,4.93,1,1.780024213009634
10,1,12,1.55,12.1,12.083333333333334,2,6+,1,N,Manhattan,East Harlem South,Manhattan,Yorkville West,green,test,75,263,4.9,1,1.7749523509116738
1,0,3,9.8,40.1,20.833333333333332,1,1,1,N,Queens,LaGuardia Airport,Manhattan,Upper West Side North,yellow,train,138,238,7.0,1,2.0794415416798357
15,3,2,1.29,12.8,12.883333333333333,2,2,1,N,Manhattan,Kips Bay,Manhattan,Union Sq,yellow,train,137,234,3.51,1,1.506297153514587
9,3,1,1.82,14.2,13.933333333333334,2,1,1,N,Manhattan,East Harlem North,Manhattan,Yorkville West,green,train,74,263,3.0,1,1.3862943611198906
23,5,7,2.5,21.2,23.766666666666666,1,1,1,N,Manhattan,Meatpacking/West Village West,Manhattan,Lower East Side,yellow,train,158,148,5.35,1,1.8484548129046001
19,5,11,1.75,15.6,17.15,2,3,1,N,Manhattan,Sutton Place/Turtle Bay North,Manhattan,Penn Station/Madison Sq West,yellow,test,229,186,1.0,1,0.6931471805599453
10,3,9,1.28,12.8,14.033333333333333,2,1,1,N,Manhattan,East Harlem North,Manhattan,East Harlem North,green,train,74,74,2.86,1,1.3506671834767394
20,3,4,1.5,9.3,7.95,1,1,1,N,Manhattan,Upper East Side North,Manhattan,Upper West Side North,yellow,train,236,238,2.85,1,1.3480731482996928
9,3,11,0.96,10.0,9.45,2,1,1,N,Manhattan,Morningside Heights,Manhattan,East Harlem North,green,test,166,74,0.0,0,0.0
15,1,3,1.3,11.4,10.55,1,1,1,N,Queens,Forest Hills,Queens,Kew Gardens,green,train,95,134,2.0,1,1.0986122886681098
17,4,10,1.28,12.8,13.533333333333333,2,1,1,N,Manhattan,East Chelsea,Manhattan,Union Sq,yellow,valid,68,234,4.01,1,1.6114359150967734
2,6,2,1.13,9.3,7.116666666666666,2,1,1,N,Manhattan,Garment District,Manhattan,UN/Turtle Bay South,yellow,train,100,233,0.0,0,0.0
19,3,11,1.1,8.6,6.8,2,1,1,N,Queens,Elmhurst,Queens,Rego Park,green,test,82,196,3.0,1,1.3862943611198906
17,1,2,2.03,13.5,12.633333333333333,2,1,1,N,Manhattan,East Harlem North,Manhattan,Manhattan Valley,green,train,74,151,3.5,1,1.5040773967762742
13,2,8,2.61,17.0,15.933333333333334,2,2,1,N,Queens,Elmhurst,Queens,Woodside,green,train,82,260,3.7,1,1.547562508716013
12,0,9,1.5,37.3,49.166666666666664,1,1,1,N,Manhattan,Times Sq/Theatre District,Manhattan,Midtown East,yellow,train,230,162,8.4,1,2.2407096892759584
22,6,8,1.7,9.3,5.966666666666667,1,1,1,N,Manhattan,Lenox Hill East,Manhattan,Yorkville West,yellow,train,140,263,3.01,1,1.3887912413184778
23,5,5,1.38,10.0,8.683333333333334,2,1,1,N,Manhattan,Midtown Center,Manhattan,Lincoln Square West,yellow,train,161,143,3.0,1,1.3862943611198906
14,5,7,0.69,7.2,5.216666666666667,2,1,1,N,Manhattan,Central Harlem North,Manhattan,Central Harlem North,green,train,42,42,2.18,1,1.1568811967920856
15,3,7,10.34,47.1,38.35,2,1,1,N,Manhattan,West Chelsea/Hudson Yards,Queens,LaGuardia Airport,yellow,train,246,138,15.76,1,2.818995095053937
19,0,11,6.49,28.2,18.233333333333334,2,1,1,N,Manhattan,Sutton Place/Turtle Bay North,Manhattan,Battery Park City,yellow,test,229,13,1.0,1,0.6931471805599453
23,3,6,2.87,17.0,15.883333333333333,2,1,1,N,Manhattan,Gramercy,Manhattan,Lincoln Square East,yellow,train,107,142,4.55,1,1.713797927758343
21,6,6,2.14,11.4,8.05,2,1,1,N,Manhattan,Midtown North,Manhattan,Upper West Side North,yellow,train,163,238,4.29,1,1.665818245870208
19,3,7,2.26,13.5,12.083333333333334,2,1,1,N,Manhattan,Central Park,Manhattan,Lenox Hill East,green,train,43,140,2.0,1,1.0986122886681098
21,6,6,2.17,13.5,11.716666666666667,2,1,1,N,Manhattan,Murray Hill,Manhattan,West Chelsea/Hudson Yards,yellow,train,170,246,3.85,1,1.5789787049493917
14,0,9,1.74,14.9,14.4,2,1,1,N,Manhattan,East Harlem South,Manhattan,Upper East Side South,green,train,75,237,3.83,1,1.5748464676644813
11,3,3,0.64,5.8,4.133333333333334,2,2,1,N,Manhattan,Upper East Side South,Manhattan,Upper East Side North,yellow,train,237,236,1.76,1,1.0152306797290584
20,4,7,2.05,12.1,7.133333333333334,2,1,1,N,Manhattan,Seaport,Manhattan,World Trade Center,yellow,train,209,261,3.57,1,1.5195132049061133
18,2,7,2.2,12.1,8.45,1,Unknown,1,N,Manhattan,Upper East Side North,Manhattan,Lincoln Square East,yellow,train,236,142,3.7,1,1.547562508716013
15,6,8,3.0,47.1,61.3,2,2,1,N,Manhattan,Midtown North,Manhattan,Times Sq/Theatre District,yellow,train,163,230,5.0,1,1.791759469228055
16,3,9,1.57,9.3,8.383333333333333,2,1,1,N,Manhattan,East Harlem North,Manhattan,Randalls Island,green,train,74,194,4.05,1,1.6193882432872684
2,4,9,1.33,8.6,5.866666666666666,2,1,1,N,Manhattan,Flatiron,Manhattan,Greenwich Village North,yellow,train,90,113,3.59,1,1.5238800240724537
11,1,12,1.32,10.0,8.783333333333333,2,1,1,N,Manhattan,East Harlem South,Manhattan,East Harlem North,green,test,75,74,2.88,1,1.355835153635182
20,3,8,0.83,6.5,3.966666666666667,2,1,1,N,Manhattan,Sutton Place/Turtle Bay North,Manhattan,Sutton Place/Turtle Bay North,yellow,train,229,229,2.45,1,1.2383742310432684
10,6,3,3.47,18.4,15.6,2,1,1,N,Manhattan,Times Sq/Theatre District,Manhattan,TriBeCa/Civic Center,yellow,train,230,231,4.63,1,1.728109442151599
21,1,4,0.08,30.0,0.45,2,3,5,N,Queens,Baisley Park,Queens,Baisley Park,green,train,10,10,6.2,1,1.9740810260220096
0,6,2,0.77,7.9,6.9,2,1,1,N,Queens,Jackson Heights,Queens,Jackson Heights,green,train,129,129,0.0,0,0.0
20,2,1,10.56,40.8,18.733333333333334,2,1,1,N,Queens,LaGuardia Airport,Manhattan,Sutton Place/Turtle Bay North,yellow,train,138,229,17.55,1,2.920469789053444
12,4,2,4.13,19.1,11.833333333333334,2,1,1,N,Manhattan,Times Sq/Theatre District,Manhattan,Upper West Side North,yellow,train,230,238,4.77,1,1.7526720805200082
2,4,6,4.43,21.9,17.333333333333332,2,1,1,N,Manhattan,Greenwich Village North,Brooklyn,Carroll Gardens,yellow,train,113,40,6.91,1,2.0681277817795625
19,2,10,0.83,11.4,12.4,2,1,1,N,Manhattan,Midtown Center,Manhattan,Midtown South,yellow,valid,161,164,3.73,1,1.5539252025038417
14,0,6,0.51,5.1,2.8666666666666667,2,1,1,N,Manhattan,Bloomingdale,Manhattan,Manhattan Valley,yellow,train,24,151,1.0,1,0.6931471805599453
20,3,7,1.47,10.7,8.983333333333333,2,1,1,N,Manhattan,East Chelsea,Manhattan,Meatpacking/West Village West,yellow,train,68,158,3.29,1,1.4562867329399256
19,0,5,0.78,7.9,7.3,2,1,1,N,Manhattan,Yorkville East,Manhattan,Upper East Side North,yellow,train,262,236,1.44,1,0.8919980393051105
12,3,3,3.81,26.8,27.233333333333334,2,1,1,N,Manhattan,TriBeCa/Civic Center,Manhattan,Garment District,yellow,train,231,100,6.31,1,1.9892432737616872
10,4,3,4.29,18.4,9.233333333333333,2,1,1,N,Manhattan,Washington Heights South,Manhattan,East Harlem North,green,train,244,74,5.97,1,1.9416152247724325
9,3,2,0.65,7.9,7.35,2,1,1,N,Manhattan,Midtown East,Manhattan,Midtown South,yellow,train,162,164,2.53,1,1.2612978709452054
1,4,9,1.1,7.9,6.216666666666667,1,1,1,N,Manhattan,West Chelsea/Hudson Yards,Manhattan,Flatiron,yellow,train,246,90,2.7,1,1.308332819650179
9,2,7,0.9,8.6,7.133333333333334,2,1,1,N,Manhattan,Upper East Side South,Manhattan,Midtown Center,yellow,train,237,161,3.34,1,1.4678743481123135
19,0,6,1.42,10.7,9.683333333333334,2,1,1,N,Manhattan,Murray Hill,Manhattan,Central Park,yellow,train,170,43,3.59,1,1.5238800240724537
21,0,5,16.74,70.0,38.916666666666664,2,1,2,N,Queens,JFK Airport,Manhattan,Midtown East,yellow,train,132,162,14.95,1,2.7694588292308535
20,0,4,1.58,9.3,7.65,2,3,1,N,Manhattan,Upper East Side South,Manhattan,Upper West Side South,yellow,train,237,239,2.14,1,1.144222799920162
6,0,7,1.64,9.3,6.05,2,1,1,N,Manhattan,Midtown Center,Manhattan,East Chelsea,yellow,train,161,68,2.81,1,1.3376291891386096
17,3,6,4.15,28.9,31.616666666666667,2,1,1,N,Manhattan,East Harlem North,Manhattan,Midtown North,green,train,74,163,2.0,1,1.0986122886681098
16,2,1,3.02,18.4,18.7,2,1,1,N,Manhattan,Gramercy,Manhattan,Yorkville West,yellow,train,107,263,5.13,1,1.81319474994812
12,3,12,1.03,8.6,7.133333333333334,2,1,1,N,Manhattan,Upper East Side South,Manhattan,Upper East Side North,yellow,test,237,236,3.15,1,1.423108334242607
21,4,8,3.88,21.9,19.766666666666666,2,1,1,N,Manhattan,West Chelsea/Hudson Yards,Manhattan,World Trade Center,yellow,train,246,261,0.0,0,0.0
0,5,5,0.55,5.1,2.6166666666666667,2,1,1,N,Manhattan,TriBeCa/Civic Center,Manhattan,Hudson Sq,yellow,train,231,125,2.17,1,1.1537315878891892
23,2,8,1.35,9.3,6.983333333333333,2,1,1,N,Manhattan,East Harlem South,Manhattan,Central Harlem,green,train,75,41,2.36,1,1.2119409739751128
22,5,2,1.73,11.4,10.0,2,1,1,N,Manhattan,Midtown North,Manhattan,East Chelsea,yellow,train,163,68,3.43,1,1.4883995840570443
10,2,5,1.67,19.1,21.683333333333334,2,1,1,N,Manhattan,Midtown East,Manhattan,Midtown South,yellow,train,162,164,4.77,1,1.7526720805200082
18,3,8,8.1,36.6,37.266666666666666,1,1,1,N,Manhattan,West Chelsea/Hudson Yards,Bronx,West Concourse,yellow,train,246,247,8.77,1,2.2793164660546914
15,4,2,1.12,9.3,8.916666666666666,2,1,1,N,Brooklyn,Fort Greene,Brooklyn,Fort Greene,green,train,97,97,2.16,1,1.1505720275988207
23,4,10,1.31,10.7,9.616666666666667,2,1,1,N,Manhattan,Penn Station/Madison Sq West,Manhattan,Greenwich Village North,yellow,valid,186,113,4.11,1,1.631199404215613
20,6,3,1.86,15.6,16.05,2,1,1,N,Manhattan,East Chelsea,Manhattan,Little Italy/NoLiTa,yellow,train,68,144,1.0,1,0.6931471805599453
9,6,4,1.16,10.0,8.066666666666666,2,1,1,N,Manhattan,Midtown North,Manhattan,Clinton East,yellow,train,163,48,1.0,1,0.6931471805599453
20,6,2,8.35,33.1,14.983333333333333,2,5,1,N,Queens,Astoria,Queens,Kew Gardens Hills,green,train,7,135,8.9,1,2.2925347571405443
19,3,6,1.69,14.2,14.6,2,1,1,N,Manhattan,Upper East Side South,Manhattan,Yorkville East,yellow,train,237,262,4.29,1,1.665818245870208
15,4,7,0.67,7.9,7.5,2,1,1,N,Manhattan,Midtown Center,Manhattan,Midtown Center,yellow,train,161,161,2.53,1,1.2612978709452054
21,6,12,2.2,13.5,12.05,2,2,1,N,Manhattan,Penn Station/Madison Sq West,Manhattan,Sutton Place/Turtle Bay North,yellow,test,186,229,3.85,1,1.5789787049493917
19,0,5,0.66,6.5,5.333333333333333,2,1,1,N,Manhattan,Lenox Hill East,Manhattan,Lenox Hill West,yellow,train,140,141,2.6,1,1.2809338454620642
17,1,9,2.74,19.1,19.166666666666668,2,1,1,N,Manhattan,Central Harlem,Manhattan,Upper West Side South,green,train,41,239,2.0,1,1.0986122886681098
19,3,12,2.03,35.9,47.45,2,1,1,N,Manhattan,West Chelsea/Hudson Yards,Manhattan,Midtown East,yellow,test,246,162,5.0,1,1.791759469228055
8,1,8,2.08,12.8,11.15,2,1,1,N,Manhattan,East Village,Manhattan,Murray Hill,yellow,train,79,170,5.26,1,1.8341801851120072
17,3,9,1.79,13.5,12.133333333333333,2,1,1,N,Manhattan,Central Park,Manhattan,Upper West Side South,green,train,43,239,4.05,1,1.6193882432872684
20,3,4,2.86,24.7,29.033333333333335,2,1,1,N,Manhattan,West Village,Manhattan,Midtown Center,yellow,train,249,161,6.09,1,1.958685340544036
10,3,10,0.77,8.6,7.633333333333334,2,1,1,N,Manhattan,Upper East Side South,Manhattan,Central Park,yellow,valid,237,43,2.52,1,1.2584609896100056
22,1,11,1.43,10.7,9.833333333333334,2,2,1,N,Manhattan,Penn Station/Madison Sq West,Manhattan,Gramercy,yellow,test,186,107,3.29,1,1.4562867329399256
23,3,1,1.7,12.1,10.65,1,1,1,N,Manhattan,Clinton East,Manhattan,Kips Bay,yellow,train,48,137,4.45,1,1.6956156086751528
21,6,8,1.26,8.6,6.033333333333333,2,1,1,N,Manhattan,East Harlem South,Manhattan,East Harlem North,green,train,75,74,0.0,0,0.0
12,4,9,1.29,10.0,7.783333333333333,2,1,1,N,Manhattan,East Harlem South,Manhattan,Upper East Side South,green,train,75,237,2.0,1,1.0986122886681098
12,1,11,2.38,14.2,12.983333333333333,2,1,1,N,Manhattan,East Harlem North,Manhattan,Upper East Side North,green,test,74,236,3.69,1,1.5454325824581878
23,5,11,2.16,19.1,21.183333333333334,2,1,1,N,Manhattan,Meatpacking/West Village West,Manhattan,Midtown South,yellow,test,158,164,4.97,1,1.7867469274045107
3,3,7,0.59,6.5,4.3,2,1,1,N,Manhattan,Little Italy/NoLiTa,Manhattan,Little Italy/NoLiTa,yellow,train,144,144,2.45,1,1.2383742310432684
8,0,2,1.9,13.5,11.916666666666666,1,1,1,N,Manhattan,East Harlem North,Manhattan,Morningside Heights,green,train,74,166,0.0,0,0.0
10,6,5,16.8,70.0,28.766666666666666,1,1,2,N,Queens,JFK Airport,Manhattan,Midtown South,yellow,train,132,164,16.65,1,2.8707357833793057
16,3,11,3.35,26.8,30.45,2,2,1,N,Manhattan,Murray Hill,Manhattan,Yorkville East,yellow,test,170,262,6.81,1,2.0554049638515948
19,2,1,0.39,6.5,5.0,2,1,1,N,Manhattan,Hudson Sq,Manhattan,SoHo,yellow,train,125,211,3.44,1,1.4906543764441333
18,2,9,0.29,4.4,2.65,2,1,1,N,Manhattan,Lincoln Square East,Manhattan,Central Park,yellow,train,142,43,2.18,1,1.1568811967920856
12,4,12,1.14,11.4,11.25,2,1,1,N,Manhattan,Upper East Side North,Manhattan,Yorkville West,yellow,test,236,263,1.0,1,0.6931471805599453
8,1,3,1.28,18.4,21.9,2,1,1,N,Manhattan,Lenox Hill West,Manhattan,Sutton Place/Turtle Bay North,yellow,train,141,229,5.79,1,1.9154509415706047
18,4,5,4.4,22.6,23.666666666666668,1,2,1,N,Manhattan,Times Sq/Theatre District,Manhattan,East Harlem North,yellow,train,230,74,5.95,1,1.9387416595767009
16,5,12,1.6,11.4,10.483333333333333,1,1,1,N,Brooklyn,Fort Greene,Brooklyn,Prospect Heights,green,test,97,189,2.55,1,1.2669476034873244
20,5,12,2.6,14.9,12.783333333333333,1,1,1,N,Manhattan,East Harlem North,Manhattan,Yorkville East,green,test,74,262,4.0,1,1.6094379124341003
0,6,11,2.06,16.3,17.15,2,2,1,N,Manhattan,TriBeCa/Civic Center,Manhattan,Gramercy,yellow,test,231,107,4.41,1,1.6882490928583902
8,4,4,0.7,7.9,6.333333333333333,1,1,1,N,Manhattan,Morningside Heights,Manhattan,Manhattanville,green,train,166,152,1.88,1,1.0577902941478545
18,5,3,3.6,21.9,26.65,1,1,1,N,Manhattan,Upper East Side South,Manhattan,East Village,yellow,train,237,79,5.35,1,1.8484548129046001
21,2,1,2.63,15.6,13.083333333333334,2,1,1,N,Manhattan,East Harlem South,Manhattan,East Harlem North,green,train,75,74,3.62,1,1.5303947050936475
9,1,2,2.19,12.1,9.216666666666667,2,1,1,N,Manhattan,Yorkville East,Manhattan,Midtown East,yellow,train,262,162,3.37,1,1.4747630091074988
21,2,8,3.02,17.7,15.533333333333333,2,1,1,N,Manhattan,East Village,Brooklyn,Downtown Brooklyn/MetroTech,yellow,train,79,65,3.52,1,1.5085119938441398
18,0,4,0.07,49.0,0.13333333333333333,2,2,5,N,Unknown,Outside of NYC,Unknown,Outside of NYC,yellow,train,265,265,0.0,0,0.0
17,5,8,0.65,5.8,3.433333333333333,2,1,1,N,Manhattan,Yorkville West,Manhattan,Upper East Side South,yellow,train,263,237,1.47,1,0.9042181506398859
22,2,1,0.8,6.5,6.416666666666667,1,2,1,N,Manhattan,Times Sq/Theatre District,Manhattan,Midtown North,yellow,train,230,163,2.3,1,1.1939224684724346
15,1,1,4.58,31.7,34.4,2,6+,1,N,Manhattan,Morningside Heights,Manhattan,Sutton Place/Turtle Bay North,green,train,166,229,7.34,1,2.1210632163706555
12,3,6,3.08,19.1,16.316666666666666,2,1,1,N,Manhattan,Hamilton Heights,Manhattan,Upper West Side South,green,train,116,239,2.65,1,1.2947271675944
16,1,9,1.05,7.9,6.166666666666667,2,1,1,N,Manhattan,Upper East Side South,Manhattan,Upper East Side North,yellow,train,237,236,3.6,1,1.5260563034950492
16,4,2,2.64,16.3,14.5,2,1,1,N,Queens,Flushing,Queens,Whitestone,green,train,92,252,4.06,1,1.6213664832993742
12,1,6,2.42,20.5,23.133333333333333,2,2,1,N,Manhattan,East Harlem South,Manhattan,Upper East Side South,green,train,75,237,1.0,1,0.6931471805599453
13,1,2,0.87,6.5,4.266666666666667,2,1,1,N,Manhattan,East Chelsea,Manhattan,West Chelsea/Hudson Yards,yellow,train,68,246,2.25,1,1.1786549963416462
15,6,1,1.32,9.3,8.2,2,2,1,N,Manhattan,East Village,Manhattan,Little Italy/NoLiTa,yellow,train,79,144,1.5,1,0.9162907318741551
10,2,3,1.32,25.4,31.35,2,1,1,N,Manhattan,Midtown North,Manhattan,Midtown South,yellow,train,163,164,6.03,1,1.9501867058225735
9,6,1,0.8,5.8,4.566666666666666,1,1,1,N,Manhattan,Yorkville West,Manhattan,Lenox Hill East,yellow,train,263,140,2.0,1,1.0986122886681098
11,4,7,1.12,8.6,6.983333333333333,2,1,1,N,Manhattan,East Harlem North,Manhattan,Central Harlem,green,train,74,41,2.02,1,1.1052568313867783
8,0,3,3.87,18.4,12.083333333333334,2,1,1,N,Manhattan,East Harlem South,Manhattan,UN/Turtle Bay South,green,train,75,233,1.0,1,0.6931471805599453
15,4,9,1.02,14.9,17.3,2,2,1,N,Manhattan,Times Sq/Theatre District,Manhattan,Garment District,yellow,train,230,100,5.89,1,1.9300710850255671
18,5,3,2.4,13.5,10.783333333333333,2,1,1,N,Manhattan,East Harlem North,Manhattan,Upper West Side North,green,train,74,238,3.55,1,1.5151272329628591
13,1,9,1.03,13.5,14.983333333333333,2,1,1,N,Manhattan,Times Sq/Theatre District,Manhattan,UN/Turtle Bay South,yellow,train,230,233,2.0,1,1.0986122886681098
9,4,11,1.92,14.2,13.866666666666667,2,1,1,N,Manhattan,East Village,Manhattan,Midtown Center,yellow,test,79,161,3.79,1,1.5665304114228238
18,2,6,1.82,12.1,9.983333333333333,2,1,1,N,Manhattan,East Harlem South,Manhattan,Central Park,green,train,75,43,3.77,1,1.5623463049002497
8,2,10,3.36,26.8,30.45,2,2,1,N,Manhattan,Murray Hill,Manhattan,Upper East Side North,yellow,valid,170,236,6.31,1,1.9892432737616872
14,2,10,1.0,7.9,7.383333333333334,1,1,1,N,Manhattan,Lower East Side,Manhattan,SoHo,yellow,valid,148,211,2.55,1,1.2669476034873244
23,5,2,1.24,8.6,7.2,2,1,1,N,Manhattan,Lincoln Square East,Manhattan,Upper West Side North,yellow,train,142,238,3.4,1,1.4816045409242156
9,6,6,13.4,54.8,32.3,1,Unknown,1,N,Brooklyn,Red Hook,Queens,LaGuardia Airport,green,train,195,138,5.0,1,1.791759469228055
21,1,9,3.67,18.4,14.466666666666667,2,1,1,N,Manhattan,Sutton Place/Turtle Bay North,Queens,Woodside,yellow,train,229,260,4.0,1,1.6094379124341003
17,1,7,14.0,46.5,47.28333333333333,1,1,99,N,Queens,South Ozone Park,Bronx,Morrisania/Melrose,yellow,train,216,167,0.0,0,0.0
19,4,3,1.11,12.1,12.7,2,3,1,N,Manhattan,West Chelsea/Hudson Yards,Manhattan,Murray Hill,yellow,train,246,170,2.0,1,1.0986122886681098
12,5,6,3.58,28.9,32.05,2,1,1,N,Brooklyn,Fort Greene,Manhattan,World Trade Center,green,train,97,261,6.78,1,2.0515563381903004
8,3,4,0.68,6.5,4.066666666666666,2,1,1,N,Manhattan,Central Harlem,Manhattan,Morningside Heights,yellow,train,41,166,1.76,1,1.0152306797290584
2,5,3,1.64,10.7,8.566666666666666,2,3,1,N,Manhattan,Meatpacking/West Village West,Manhattan,Gramercy,yellow,train,158,107,3.29,1,1.4562867329399256
22,3,10,10.1,51.3,43.93333333333333,2,1,1,N,Manhattan,East Village,Manhattan,Hamilton Heights,yellow,valid,79,116,11.41,1,2.5185025992165158
14,3,6,1.7,14.9,15.9,2,6+,1,N,Manhattan,Lower East Side,Manhattan,Financial District North,yellow,train,148,87,4.91,1,1.776645831418007
8,5,9,2.38,12.8,10.016666666666667,2,1,1,N,Manhattan,East Harlem North,Manhattan,Upper East Side North,green,train,74,236,3.41,1,1.4838746894587547
11,3,1,3.5,24.0,28.9,1,1,1,N,Manhattan,Gramercy,Manhattan,Yorkville East,yellow,train,107,262,5.75,1,1.9095425048844386
20,4,5,1.82,11.4,9.666666666666666,2,1,1,N,Manhattan,Greenwich Village North,Manhattan,East Chelsea,yellow,train,113,68,3.43,1,1.4883995840570443
0,6,4,2.81,13.5,9.2,2,1,1,N,Manhattan,Midtown Center,Manhattan,Upper West Side North,yellow,train,161,238,3.85,1,1.5789787049493917
6,4,7,1.69,12.1,11.45,2,1,1,N,Manhattan,East Harlem North,Manhattan,Upper East Side North,green,train,74,236,3.27,1,1.451613827240533
13,2,4,1.71,13.5,13.116666666666667,2,1,1,N,Manhattan,West Chelsea/Hudson Yards,Manhattan,Union Sq,yellow,train,246,234,3.65,1,1.536867219599265
10,4,11,15.76,65.3,46.05,2,1,1,N,Queens,JFK Airport,Brooklyn,Greenpoint,yellow,test,132,112,13.71,1,2.688527534613346
12,6,8,1.63,10.0,7.766666666666667,2,4,1,N,Manhattan,Upper West Side South,Manhattan,Clinton East,yellow,train,239,48,2.95,1,1.3737155789130306
14,2,6,4.21,24.7,23.216666666666665,2,1,1,N,Manhattan,East Harlem North,Manhattan,Washington Heights South,green,train,74,244,5.24,1,1.8309801823813363
11,2,8,0.49,5.1,3.1,2,1,1,N,Manhattan,East Harlem South,Manhattan,Upper East Side North,green,train,75,236,1.87,1,1.0543120297715298
21,4,10,1.88,12.8,11.216666666666667,2,2,1,N,Manhattan,Upper East Side South,Manhattan,Upper West Side North,yellow,valid,237,238,4.45,1,1.6956156086751528
18,0,12,1.08,12.1,12.916666666666666,2,1,1,N,Brooklyn,Fort Greene,Brooklyn,Clinton Hill,green,test,97,49,3.22,1,1.4398351280479207
13,4,10,0.74,7.9,6.45,2,1,1,N,Manhattan,Midtown East,Manhattan,Upper East Side South,yellow,valid,162,237,2.5,1,1.252762968495368
19,1,2,0.66,5.8,4.283333333333333,2,1,1,N,Queens,Forest Hills,Queens,Forest Hills,green,train,95,95,1.0,1,0.6931471805599453
11,6,10,2.3,13.5,11.05,2,1,1,N,Manhattan,East Harlem North,Manhattan,Upper East Side North,green,valid,74,236,4.44,1,1.6937790608678513
15,2,5,13.88,87.0,59.233333333333334,2,2,5,N,Queens,Sunnyside,Queens,JFK Airport,yellow,train,226,132,1.0,1,0.6931471805599453
11,6,11,4.49,23.3,18.533333333333335,2,1,1,N,Manhattan,Lower East Side,Manhattan,Midtown Center,yellow,test,148,161,5.61,1,1.888583653863595
17,0,5,2.87,28.9,34.95,2,1,1,N,Manhattan,Upper East Side South,Manhattan,Penn Station/Madison Sq West,yellow,train,237,186,1.85,1,1.0473189942805592
14,1,5,0.95,9.3,8.116666666666667,2,1,1,N,Manhattan,Midtown Center,Manhattan,Lincoln Square East,yellow,train,161,142,4.21,1,1.6505798557652755
0,4,2,1.78,10.0,7.1,2,1,1,N,Manhattan,East Harlem North,Manhattan,East Harlem South,green,train,74,75,2.5,1,1.252762968495368
12,0,6,8.84,40.1,28.166666666666668,2,1,1,N,Queens,LaGuardia Airport,Manhattan,Lenox Hill East,yellow,train,138,140,11.21,1,2.502255288122613
12,5,8,18.92,70.0,75.03333333333333,2,1,2,N,Queens,JFK Airport,Manhattan,Lincoln Square West,yellow,train,132,143,14.95,1,2.7694588292308535
11,5,11,17.96,119.2,30.7,2,1,4,N,Manhattan,Lincoln Square East,EWR,Newark Airport,yellow,test,142,1,28.46,1,3.3830334110344844
7,0,4,0.31,4.4,1.7666666666666666,2,1,1,N,Manhattan,Central Park,Manhattan,Lincoln Square East,yellow,train,43,142,1.85,1,1.0473189942805592
23,3,1,1.99,13.5,13.333333333333334,2,1,1,N,Manhattan,West Village,Manhattan,East Chelsea,yellow,train,249,68,3.85,1,1.5789787049493917
5,1,9,10.2,39.5,55.2,1,1,99,N,Bronx,University Heights/Morris Heights,Manhattan,Kips Bay,yellow,train,235,137,0.0,0,0.0
22,4,11,4.58,52.0,67.01666666666667,2,2,1,N,Manhattan,Union Sq,Manhattan,Yorkville West,yellow,test,234,263,11.55,1,2.529720665577793
19,2,3,3.98,20.5,18.133333333333333,2,1,1,N,Manhattan,SoHo,Manhattan,Lenox Hill West,yellow,train,211,141,5.55,1,1.8794650496471605
9,2,1,1.77,12.8,11.666666666666666,2,1,1,N,Manhattan,Lenox Hill East,Manhattan,Upper West Side South,yellow,train,140,239,3.36,1,1.4724720573609429
17,5,7,0.57,5.1,2.933333333333333,2,1,1,N,Manhattan,Bloomingdale,Manhattan,Central Harlem,green,train,24,41,1.32,1,0.8415671856782186
8,0,1,0.99,8.6,8.566666666666666,2,1,1,N,Manhattan,Penn Station/Madison Sq West,Manhattan,Flatiron,yellow,train,186,90,3.34,1,1.4678743481123135
19,3,9,1.83,12.1,10.7,2,1,1,N,Manhattan,East Harlem South,Manhattan,Morningside Heights,green,train,75,166,4.02,1,1.6134299337036377
10,4,9,2.1,19.5,11.683333333333334,1,1,99,N,Queens,South Ozone Park,Queens,Howard Beach,yellow,train,216,124,0.0,0,0.0
11,6,7,0.69,6.5,4.55,2,1,1,N,Manhattan,Lenox Hill West,Manhattan,Upper East Side South,yellow,train,141,237,2.1,1,1.1314021114911006
0,3,11,1.46,8.6,5.483333333333333,2,1,1,N,Queens,Steinway,Queens,Steinway,green,test,223,223,2.22,1,1.169381359556317
9,5,4,0.7,6.5,4.016666666666667,1,Unknown,1,N,Manhattan,Bloomingdale,Manhattan,Upper West Side North,green,train,24,238,1.6,1,0.9555114450274363
19,5,4,0.9,10.7,12.966666666666667,1,2,1,N,Manhattan,Murray Hill,Manhattan,Penn Station/Madison Sq West,yellow,train,170,186,3.85,1,1.5789787049493917
15,5,12,0.67,10.7,11.783333333333333,2,1,1,N,Manhattan,West Chelsea/Hudson Yards,Manhattan,Garment District,yellow,test,246,100,0.0,0,0.0
19,1,11,9.7,42.9,35.516666666666666,1,1,1,N,Queens,LaGuardia Airport,Manhattan,Central Park,yellow,test,138,43,11.23,1,2.503891949699081
7,3,5,1.52,10.7,8.233333333333333,2,1,1,N,Manhattan,Lenox Hill West,Manhattan,Midtown East,yellow,train,141,162,3.09,1,1.4085449700547104
11,2,5,8.41,70.0,27.1,2,1,2,N,Queens,Elmhurst,Manhattan,Little Italy/NoLiTa,yellow,train,82,144,14.95,1,2.7694588292308535
19,5,2,2.4,17.0,16.583333333333332,1,2,1,N,Manhattan,Upper East Side South,Manhattan,Upper West Side North,yellow,train,237,238,0.0,0,0.0
17,3,8,2.5,13.5,13.216666666666667,1,2,1,Y,Manhattan,East Harlem North,Manhattan,Upper East Side North,green,train,74,236,4.0,1,1.6094379124341003
17,5,5,1.2,9.3,8.166666666666666,1,1,1,N,Manhattan,Midtown South,Manhattan,Greenwich Village North,yellow,train,164,113,2.0,1,1.0986122886681098
15,4,10,7.15,54.8,63.96666666666667,2,1,1,N,Manhattan,Murray Hill,Manhattan,Washington Heights South,yellow,valid,170,244,14.89,1,2.7656899805486246
10,6,6,0.7,6.5,5.1,2,2,1,N,Manhattan,Midtown East,Manhattan,Midtown Center,yellow,train,162,161,2.25,1,1.1786549963416462
2,6,2,0.17,79.0,0.23333333333333334,2,2,5,N,Brooklyn,East Williamsburg,Brooklyn,East Williamsburg,green,train,80,80,0.0,0,0.0
14,3,1,0.96,7.9,6.016666666666667,2,1,1,N,Manhattan,Upper West Side South,Manhattan,Lincoln Square East,yellow,train,239,142,5.0,1,1.791759469228055
20,6,2,0.89,7.2,5.216666666666667,2,1,1,N,Brooklyn,Park Slope,Brooklyn,Park Slope,green,train,181,181,1.94,1,1.0784095813505903
23,4,9,12.89,52.7,29.2,2,1,1,N,Queens,Jamaica,Manhattan,Sutton Place/Turtle Bay North,green,train,130,229,5.0,1,1.791759469228055
13,5,8,1.3,10.7,8.883333333333333,1,1,1,N,Brooklyn,Sheepshead Bay,Brooklyn,Manhattan Beach,green,train,210,150,2.4,1,1.2237754316221157
9,4,3,10.31,47.1,32.36666666666667,2,1,1,N,Queens,LaGuardia Airport,Manhattan,Lincoln Square East,yellow,train,138,142,16.2,1,2.8449093838194073
21,3,7,0.57,6.5,4.45,2,2,1,N,Manhattan,Midtown Center,Manhattan,Midtown North,yellow,train,161,163,3.06,1,1.4011829736136414
21,2,11,3.61,17.7,9.483333333333333,2,1,1,N,Queens,Elmhurst,Queens,LaGuardia Airport,green,test,82,138,5.04,1,1.7984040119467235
11,5,3,2.04,13.5,11.916666666666666,2,6+,1,N,Manhattan,Upper East Side North,Manhattan,Midtown Center,green,train,236,161,3.7,1,1.547562508716013
16,0,11,3.83,18.4,10.3,2,1,1,N,Queens,Jackson Heights,Queens,LaGuardia Airport,green,test,129,138,2.8,1,1.33500106673234
18,2,1,2.08,12.8,11.016666666666667,2,1,1,N,Manhattan,East Harlem North,Manhattan,Hamilton Heights,green,train,74,116,3.36,1,1.4724720573609429
3,6,9,2.14,14.2,12.55,2,3,1,N,Manhattan,East Village,Manhattan,World Trade Center,yellow,train,79,261,4.99,1,1.7900914121273581
10,2,5,1.11,11.4,12.416666666666666,2,1,1,N,Manhattan,Morningside Heights,Manhattan,Morningside Heights,green,train,166,166,1.94,1,1.0784095813505903
13,4,6,2.81,24.0,26.95,2,1,1,N,Manhattan,Midtown East,Manhattan,East Harlem South,yellow,train,162,75,4.0,1,1.6094379124341003
21,1,3,0.23,3.7,1.0166666666666666,2,2,1,N,Manhattan,UN/Turtle Bay South,Manhattan,Midtown East,yellow,train,233,162,1.0,1,0.6931471805599453
8,2,8,1.14,8.6,7.216666666666667,2,1,1,N,Manhattan,Upper East Side North,Manhattan,Midtown Center,yellow,train,236,161,2.67,1,1.3001916620664788
20,3,8,3.1,16.3,13.266666666666667,1,1,1,N,Manhattan,Midtown Center,Manhattan,Upper West Side North,yellow,train,161,238,4.4,1,1.6863989535702288
18,0,11,0.79,7.2,5.666666666666667,2,1,1,N,Queens,Jamaica,Queens,South Jamaica,green,test,130,215,3.36,1,1.4724720573609429
23,5,10,1.8,13.5,15.633333333333333,1,2,1,N,Manhattan,Lincoln Square East,Manhattan,UN/Turtle Bay South,yellow,valid,142,233,5.0,1,1.791759469228055
17,6,6,1.86,14.2,13.866666666666667,2,1,1,N,Manhattan,East Harlem North,Manhattan,Bloomingdale,green,train,74,24,3.14,1,1.420695787837223
12,5,8,0.89,10.0,10.333333333333334,2,1,1,N,Manhattan,Penn Station/Madison Sq West,Manhattan,Murray Hill,yellow,train,186,170,2.95,1,1.3737155789130306
15,3,10,2.5,17.7,19.55,1,1,1,N,Manhattan,Murray Hill,Manhattan,Yorkville East,yellow,valid,170,262,0.0,0,0.0
2,5,7,1.5,10.0,8.016666666666667,2,1,1,N,Manhattan,Little Italy/NoLiTa,Manhattan,Midtown South,yellow,train,144,164,3.15,1,1.423108334242607
21,6,6,2.4,13.5,10.566666666666666,1,1,1,N,Manhattan,East Harlem North,Manhattan,Yorkville West,green,train,74,263,3.75,1,1.55814461804655
17,0,3,1.4,8.6,5.033333333333333,1,1,1,N,Manhattan,East Harlem South,Manhattan,East Harlem North,green,train,75,74,2.5,1,1.252762968495368
11,1,1,3.66,16.3,7.2,2,1,1,N,Queens,Elmhurst,Queens,LaGuardia Airport,green,train,82,138,4.56,1,1.715598108262491
20,0,3,3.41,19.1,16.216666666666665,2,1,1,N,Manhattan,TriBeCa/Civic Center,Manhattan,Penn Station/Madison Sq West,yellow,train,231,186,7.46,1,2.135349173618132
13,2,9,5.98,29.6,22.983333333333334,2,2,1,N,Manhattan,Central Park,Manhattan,Meatpacking/West Village West,green,train,43,158,3.38,1,1.4770487243883548
23,5,8,15.3,59.7,30.816666666666666,2,1,1,N,Queens,JFK Airport,Queens,Long Island City/Queens Plaza,yellow,train,132,146,12.44,1,2.5982353350950036
18,3,10,1.07,9.3,8.066666666666666,2,1,1,N,Manhattan,Upper East Side South,Manhattan,Lincoln Square East,yellow,valid,237,142,4.74,1,1.747459210331475
11,4,2,1.84,12.1,9.8,2,1,1,N,Manhattan,Upper West Side South,Manhattan,Morningside Heights,yellow,train,239,166,3.22,1,1.4398351280479207
20,1,9,12.24,49.2,32.8,2,1,1,N,Brooklyn,Brooklyn Heights,Manhattan,Upper West Side North,green,train,33,238,8.17,1,2.2159372862683733
20,2,12,0.44,5.1,2.9833333333333334,2,2,1,N,Manhattan,Yorkville East,Manhattan,Yorkville West,yellow,test,262,263,1.0,1,0.6931471805599453
16,3,8,1.14,7.9,5.583333333333333,2,1,1,N,Manhattan,Times Sq/Theatre District,Manhattan,Lincoln Square East,yellow,train,230,142,3.03,1,1.3937663759585914
21,3,5,1.49,9.3,6.65,2,1,1,N,Manhattan,Central Park,Manhattan,Central Harlem,green,train,43,41,2.36,1,1.2119409739751128
19,3,1,0.4,5.8,4.116666666666666,1,1,1,N,Manhattan,Upper East Side North,Manhattan,East Harlem South,green,train,236,75,1.95,1,1.0818051703517284
10,3,9,1.96,15.6,16.366666666666667,2,1,1,N,Manhattan,East Harlem North,Manhattan,Upper East Side North,green,train,74,236,1.0,1,0.6931471805599453
16,1,8,5.18,30.3,29.066666666666666,2,1,1,N,Manhattan,Battery Park City,Manhattan,Lincoln Square East,yellow,train,13,142,7.51,1,2.1412419425852827
20,6,6,1.24,8.6,6.883333333333334,2,1,1,N,Manhattan,Garment District,Manhattan,Gramercy,yellow,train,100,107,3.59,1,1.5238800240724537
19,6,5,2.07,14.2,12.183333333333334,2,3,1,N,Manhattan,Morningside Heights,Manhattan,Upper West Side South,yellow,train,166,239,2.73,1,1.3164082336557241
1,6,11,0.93,7.2,5.35,2,4,1,N,Manhattan,Flatiron,Manhattan,Meatpacking/West Village West,yellow,test,90,158,3.88,1,1.5851452198650557
16,2,12,1.34,9.3,7.95,2,1,1,N,Manhattan,East Harlem South,Manhattan,East Harlem North,green,test,75,74,0.0,0,0.0
10,6,7,1.26,9.3,6.3,2,1,1,N,Manhattan,Upper West Side South,Manhattan,Upper East Side North,yellow,train,239,236,2.66,1,1.297463147413275
14,3,5,2.14,14.9,14.733333333333333,2,1,1,N,Manhattan,Central Harlem,Manhattan,Manhattan Valley,green,train,41,151,3.28,1,1.4539530095937052
20,3,10,5.25,33.8,36.483333333333334,2,1,1,N,Manhattan,Penn Station/Madison Sq West,Manhattan,Central Harlem North,yellow,valid,186,42,0.0,0,0.0
17,2,3,0.3,5.8,5.333333333333333,1,1,1,N,Manhattan,Midtown Center,Manhattan,Times Sq/Theatre District,yellow,train,161,230,3.9,1,1.589235205116581
9,0,11,1.7,13.5,13.05,2,1,1,N,Manhattan,East Harlem North,Manhattan,Morningside Heights,green,test,74,166,1.5,1,0.9162907318741551
6,1,9,0.85,7.9,6.1,2,1,1,N,Manhattan,Garment District,Manhattan,Midtown East,yellow,train,100,162,2.0,1,1.0986122886681098
19,2,12,0.78,7.9,7.283333333333333,2,1,1,N,Manhattan,Garment District,Manhattan,West Chelsea/Hudson Yards,yellow,test,100,246,1.0,1,0.6931471805599453
1,6,4,1.3,11.4,11.8,2,4,1,N,Manhattan,Lower East Side,Manhattan,East Village,yellow,train,148,79,3.43,1,1.4883995840570443
6,3,2,1.4,7.9,4.583333333333333,1,1,1,N,Manhattan,East Harlem North,Manhattan,East Harlem South,green,train,74,75,2.35,1,1.208960345836975
17,5,5,4.38,26.8,25.716666666666665,2,1,1,N,Manhattan,Midtown East,Brooklyn,Greenpoint,yellow,train,162,112,7.7,1,2.163323025660538
15,5,2,1.58,12.8,12.7,2,2,1,N,Manhattan,Midtown Center,Manhattan,Upper East Side South,yellow,train,161,237,3.51,1,1.506297153514587
20,2,2,2.08,13.5,11.516666666666667,2,1,1,N,Manhattan,Upper East Side South,Manhattan,Upper West Side North,yellow,train,237,238,3.7,1,1.547562508716013
20,5,10,0.73,6.5,4.0,2,1,1,N,Queens,Kew Gardens,Queens,Briarwood/Jamaica Hills,green,valid,134,28,2.25,1,1.1786549963416462
16,1,5,0.27,4.4,1.7333333333333334,2,1,1,N,Manhattan,Midtown East,Manhattan,Midtown East,yellow,train,162,162,2.33,1,1.2029723039923526
0,3,11,5.09,28.9,28.266666666666666,2,1,1,N,Manhattan,East Chelsea,Brooklyn,Greenpoint,yellow,test,68,112,6.24,1,1.979621206397625
18,2,6,3.82,25.4,25.016666666666666,2,1,1,N,Manhattan,Central Harlem,Manhattan,Lenox Hill East,green,train,41,140,4.0,1,1.6094379124341003
20,1,6,0.86,5.8,3.3833333333333333,2,1,1,N,Manhattan,Upper East Side South,Manhattan,Yorkville West,yellow,train,237,263,1.0,1,0.6931471805599453
7,5,9,2.62,20.5,21.466666666666665,2,1,1,N,Manhattan,Midtown North,Manhattan,Gramercy,yellow,train,163,107,0.0,0,0.0
19,1,1,1.54,10.0,8.266666666666667,2,1,1,N,Manhattan,East Harlem South,Manhattan,Central Harlem,green,train,75,41,2.8,1,1.33500106673234
21,3,4,4.3,23.3,19.183333333333334,2,1,1,N,Manhattan,Penn Station/Madison Sq West,Manhattan,Upper West Side North,yellow,train,186,238,5.81,1,1.918392120161421
10,5,2,1.4,7.9,4.266666666666667,1,2,1,N,Manhattan,East Village,Manhattan,Kips Bay,yellow,train,79,137,0.0,0,0.0
14,1,12,0.64,11.4,11.616666666666667,2,2,1,N,Manhattan,East Harlem South,Manhattan,Upper East Side North,green,test,75,236,2.58,1,1.275362800412609
1,1,4,4.22,19.8,15.516666666666667,2,2,1,N,Manhattan,Meatpacking/West Village West,Manhattan,Upper West Side North,yellow,train,158,238,5.11,1,1.809926773183504
13,3,11,0.18,11.4,12.9,2,1,1,N,Manhattan,Lenox Hill West,Manhattan,Upper East Side South,yellow,test,141,237,3.23,1,1.4422019930581866
9,4,3,0.86,9.3,8.316666666666666,2,1,1,N,Manhattan,East Chelsea,Manhattan,Penn Station/Madison Sq West,yellow,train,68,186,2.0,1,1.0986122886681098
16,3,6,15.53,62.5,47.93333333333333,2,1,1,N,Queens,Woodside,Queens,Bellerose,green,train,260,19,5.0,1,1.791759469228055
17,6,12,7.29,39.4,37.75,2,1,1,N,Brooklyn,Downtown Brooklyn/MetroTech,Manhattan,Midtown East,green,test,65,162,5.0,1,1.791759469228055
21,6,1,18.35,70.0,36.583333333333336,2,1,2,N,Queens,JFK Airport,Manhattan,Clinton West,yellow,train,132,50,16.69,1,2.872999508171694
13,6,4,1.46,10.0,7.616666666666666,2,1,1,N,Manhattan,Morningside Heights,Manhattan,Upper West Side North,green,train,166,238,1.0,1,0.6931471805599453
7,1,3,4.15,23.3,19.85,2,1,1,N,Manhattan,East Harlem North,Manhattan,Upper East Side South,green,train,74,237,5.66,1,1.8961194845522977
16,4,1,1.19,13.5,13.6,2,1,1,N,Manhattan,Midtown South,Manhattan,West Chelsea/Hudson Yards,yellow,train,164,246,5.0,1,1.791759469228055
0,5,6,8.33,32.4,13.133333333333333,2,1,1,N,Queens,LaGuardia Airport,Bronx,Highbridge,yellow,train,138,119,5.41,1,1.8578592709325787
12,1,11,0.98,8.6,6.666666666666667,2,1,1,N,Manhattan,East Harlem North,Manhattan,Central Harlem,green,test,74,41,2.0,1,1.0986122886681098
12,2,10,3.99,24.0,21.183333333333334,2,1,1,N,Manhattan,West Chelsea/Hudson Yards,Manhattan,Financial District North,yellow,valid,246,87,5.75,1,1.9095425048844386
12,6,8,5.54,30.3,29.316666666666666,2,1,1,N,Queens,Astoria,Manhattan,Penn Station/Madison Sq West,green,train,7,186,7.06,1,2.0869135565185366
17,3,6,2.0,12.8,13.116666666666667,1,1,1,N,Manhattan,West Village,Manhattan,West Chelsea/Hudson Yards,yellow,train,249,246,4.0,1,1.6094379124341003
16,0,1,0.73,6.5,4.333333333333333,2,1,1,N,Manhattan,Upper East Side South,Manhattan,Lenox Hill West,yellow,train,237,141,2.25,1,1.1786549963416462
13,5,1,2.8,16.3,16.133333333333333,1,1,1,N,Manhattan,West Chelsea/Hudson Yards,Manhattan,World Trade Center,yellow,train,246,261,2.0,1,1.0986122886681098
21,5,12,2.12,13.5,12.3,2,1,1,N,Queens,Woodside,Queens,Astoria,green,test,260,7,4.8,1,1.7578579175523736
13,1,9,0.9,8.6,7.716666666666667,2,1,1,N,Manhattan,Yorkville East,Manhattan,Upper East Side North,yellow,train,262,236,0.0,0,0.0
9,0,12,1.08,8.6,7.033333333333333,2,1,1,N,Manhattan,Yorkville West,Manhattan,Upper East Side South,yellow,test,263,237,2.52,1,1.2584609896100056
19,4,8,2.72,15.6,13.35,2,1,1,N,Manhattan,Yorkville East,Manhattan,Lincoln Square West,yellow,train,262,143,1.0,1,0.6931471805599453
10,1,2,1.78,12.8,12.45,2,2,1,N,Brooklyn,Downtown Brooklyn/MetroTech,Brooklyn,Bedford,green,train,65,17,2.86,1,1.3506671834767394
16,5,7,5.19,25.4,21.05,2,1,1,N,Queens,Long Island City/Hunters Point,Queens,LaGuardia Airport,green,train,145,138,6.38,1,1.998773638612381
20,4,9,0.92,7.9,7.083333333333333,2,1,1,N,Manhattan,Kips Bay,Manhattan,East Village,yellow,train,137,79,0.0,0,0.0
13,0,10,6.46,31.7,27.15,2,2,1,N,Manhattan,Morningside Heights,Manhattan,Flatiron,green,valid,166,90,7.34,1,2.1210632163706555
19,0,3,1.41,13.5,13.516666666666667,2,1,1,N,Manhattan,Midtown Center,Manhattan,Lincoln Square East,yellow,train,161,142,3.11,1,1.413423028508143
23,4,3,1.78,12.1,11.233333333333333,2,3,1,N,Manhattan,Union Sq,Manhattan,West Chelsea/Hudson Yards,yellow,train,234,246,0.0,0,0.0
13,6,4,3.33,26.1,25.566666666666666,2,1,1,N,Queens,Forest Hills,Queens,Flushing Meadows-Corona Park,green,train,95,93,5.52,1,1.8748743759385615
17,5,11,6.07,27.5,18.783333333333335,2,1,1,N,Manhattan,Financial District South,Manhattan,Lenox Hill East,yellow,test,88,140,8.06,1,2.203869120054888
10,2,2,0.76,7.2,5.733333333333333,2,1,1,N,Manhattan,Penn Station/Madison Sq West,Manhattan,Union Sq,yellow,train,186,234,2.99,1,1.3837912309017721
22,3,2,1.85,11.4,9.516666666666667,2,1,1,N,Manhattan,Times Sq/Theatre District,Manhattan,East Chelsea,yellow,train,230,68,2.0,1,1.0986122886681098
20,1,7,1.75,13.5,13.45,2,1,1,N,Brooklyn,Fort Greene,Brooklyn,Park Slope,green,train,97,181,4.0,1,1.6094379124341003
18,3,4,0.52,5.8,3.4166666666666665,2,1,1,N,Manhattan,Lincoln Square West,Manhattan,Lincoln Square West,yellow,train,143,143,2.46,1,1.2412685890696329
18,5,1,1.3,12.1,16.2,1,3,1,N,Manhattan,Midtown North,Manhattan,Midtown South,yellow,train,163,164,0.0,0,0.0
18,3,1,1.82,12.1,10.716666666666667,2,1,1,N,Manhattan,East Harlem North,Manhattan,Upper East Side North,green,train,74,236,3.39,1,1.4793292270870801
23,2,5,2.3,12.8,9.133333333333333,2,1,1,N,Brooklyn,DUMBO/Vinegar Hill,Manhattan,Financial District North,green,train,66,87,1.0,1,0.6931471805599453
21,6,1,1.22,8.6,7.216666666666667,2,1,1,N,Manhattan,West Village,Manhattan,East Village,yellow,train,249,79,3.59,1,1.5238800240724537
13,1,2,0.89,7.9,6.716666666666667,2,2,1,N,Manhattan,Upper East Side South,Manhattan,Lenox Hill East,yellow,train,237,140,2.98,1,1.3812818192963463
12,2,4,0.71,9.3,8.133333333333333,2,1,1,N,Manhattan,Central Harlem,Manhattan,East Harlem South,green,train,41,75,2.16,1,1.1505720275988207
13,1,3,2.58,16.3,14.466666666666667,2,1,1,N,Queens,Jamaica,Queens,Saint Albans,green,train,130,205,1.0,1,0.6931471805599453
23,5,6,2.77,19.1,19.783333333333335,2,1,1,N,Manhattan,Penn Station/Madison Sq West,Manhattan,TriBeCa/Civic Center,yellow,train,186,231,2.7,1,1.308332819650179
14,0,8,0.46,5.8,3.7666666666666666,2,1,1,N,Manhattan,Upper East Side South,Manhattan,Midtown North,yellow,train,237,163,4.0,1,1.6094379124341003
16,5,3,3.79,19.8,16.716666666666665,2,1,1,N,Manhattan,East Harlem North,Manhattan,Upper West Side South,green,train,74,239,4.81,1,1.7595805708638197
17,3,3,0.23,3.7,1.65,2,1,1,N,Manhattan,East Chelsea,Manhattan,East Chelsea,yellow,train,68,68,2.19,1,1.1600209167967532
22,0,5,10.5,44.3,29.25,1,1,1,N,Queens,LaGuardia Airport,Manhattan,Midtown North,yellow,train,138,163,13.55,1,2.6775909936175015
21,1,3,1.8,10.7,11.95,1,1,1,N,Manhattan,Times Sq/Theatre District,Manhattan,Murray Hill,yellow,train,230,170,4.1,1,1.62924053973028
18,0,8,0.8,5.8,2.9166666666666665,1,1,1,N,Manhattan,Upper East Side North,Manhattan,Upper East Side North,yellow,train,236,236,2.45,1,1.2383742310432684
11,6,10,2.73,17.7,17.15,2,1,1,N,Manhattan,East Harlem North,Manhattan,Upper West Side North,green,valid,74,238,4.39,1,1.6845453849209058
21,3,5,1.46,10.7,10.516666666666667,2,1,1,N,Manhattan,East Chelsea,Manhattan,Murray Hill,yellow,train,68,170,3.29,1,1.4562867329399256
5,6,3,3.78,17.0,7.6,2,1,1,N,Queens,Elmhurst/Maspeth,Queens,LaGuardia Airport,green,train,83,138,0.0,0,0.0
17,2,10,1.31,10.7,9.683333333333334,2,1,1,N,Bronx,West Concourse,Manhattan,Central Harlem North,green,valid,247,42,0.0,0,0.0
9,3,11,1.86,18.4,21.1,2,2,1,N,Manhattan,Central Park,Manhattan,Midtown Center,yellow,test,43,161,2.78,1,1.3297240096314962
18,1,4,3.49,22.6,22.6,2,1,1,N,Manhattan,Upper East Side North,Manhattan,Lincoln Square East,green,train,236,142,5.87,1,1.927164106234258
15,1,6,0.8,7.2,5.583333333333333,1,1,1,N,Manhattan,Upper East Side North,Manhattan,Lenox Hill West,yellow,train,236,141,1.0,1,0.6931471805599453
18,2,9,0.5,6.5,5.166666666666667,1,1,1,N,Manhattan,Penn Station/Madison Sq West,Manhattan,East Chelsea,yellow,train,186,68,3.45,1,1.4929040961781488
18,1,9,10.95,54.1,45.53333333333333,2,1,1,N,Queens,Forest Hills,Manhattan,East Chelsea,green,train,95,68,13.71,1,2.688527534613346
9,1,4,7.82,36.6,27.833333333333332,2,1,1,N,Manhattan,East Harlem South,Manhattan,Financial District North,green,train,75,87,8.32,1,2.2321626286975
16,4,7,4.3,28.9,30.45,1,Unknown,1,N,Brooklyn,Canarsie,Brooklyn,Crown Heights North,green,train,39,61,2.0,1,1.0986122886681098
18,3,5,5.84,27.5,17.95,2,1,1,N,Manhattan,Financial District North,Manhattan,Midtown Center,yellow,train,87,161,8.69,1,2.2710944259026746
8,1,2,2.4,14.2,15.116666666666667,1,1,1,N,Manhattan,East Harlem North,Manhattan,Manhattan Valley,green,train,74,151,3.9,1,1.589235205116581
19,3,4,1.59,12.1,11.233333333333333,2,1,1,N,Manhattan,Lenox Hill West,Manhattan,Lincoln Square East,yellow,train,141,142,3.72,1,1.551808799597464
8,5,11,3.6,17.7,10.55,2,1,1,N,Queens,JFK Airport,Queens,Springfield Gardens North,yellow,test,132,218,0.0,0,0.0
17,1,11,4.0,29.6,33.333333333333336,2,3,1,N,Brooklyn,Fort Greene,Brooklyn,Williamsburg (North Side),green,test,97,255,7.0,1,2.0794415416798357
22,1,5,2.55,15.6,14.966666666666667,2,2,1,N,Brooklyn,Downtown Brooklyn/MetroTech,Brooklyn,Red Hook,green,train,65,195,0.0,0,0.0
20,3,6,1.17,10.7,9.866666666666667,2,1,1,N,Manhattan,World Trade Center,Manhattan,Chinatown,yellow,train,261,45,3.29,1,1.4562867329399256
15,4,1,1.5,9.3,8.683333333333334,1,1,1,N,Manhattan,East Harlem South,Manhattan,East Harlem North,yellow,train,75,74,2.15,1,1.1474024528375417
11,0,5,1.68,19.1,22.416666666666668,2,1,1,N,Manhattan,Lincoln Square East,Manhattan,Upper East Side South,yellow,train,142,237,4.77,1,1.7526720805200082
9,0,12,2.2,17.7,19.7,1,2,1,N,Manhattan,Midtown North,Manhattan,West Chelsea/Hudson Yards,yellow,test,163,246,4.45,1,1.6956156086751528
15,4,5,1.0,9.3,8.316666666666666,1,1,1,N,Manhattan,TriBeCa/Civic Center,Manhattan,Meatpacking/West Village West,yellow,train,231,158,2.0,1,1.0986122886681098
19,2,7,1.57,10.0,8.4,2,5,1,N,Queens,Steinway,Queens,Old Astoria,green,train,223,179,2.8,1,1.33500106673234
15,0,6,14.99,94.0,62.53333333333333,2,1,4,N,Queens,Jamaica,Unknown,Outside of NYC,green,train,130,265,19.1,1,3.0007198150650303
17,2,9,2.2,13.5,12.1,2,1,1,N,Manhattan,Upper East Side North,Manhattan,Manhattan Valley,yellow,train,236,151,4.0,1,1.6094379124341003
10,6,5,0.96,7.9,5.833333333333333,2,1,1,N,Manhattan,Central Harlem North,Manhattan,Central Harlem,green,train,42,41,0.99,1,0.688134638736401
9,6,5,3.13,16.3,13.233333333333333,2,1,1,N,Manhattan,East Harlem North,Manhattan,Upper West Side South,green,train,74,239,0.0,0,0.0
16,5,9,0.95,9.3,8.033333333333333,2,1,1,N,Manhattan,Upper East Side North,Manhattan,Upper East Side South,yellow,train,236,237,1.4,1,0.8754687373538999
19,4,9,1.17,7.2,5.016666666666667,2,1,1,N,Manhattan,Central Park,Manhattan,Lincoln Square East,yellow,train,43,142,2.19,1,1.1600209167967532
17,1,3,2.9,20.5,21.783333333333335,2,1,1,N,Manhattan,Union Sq,Manhattan,Lincoln Square East,yellow,train,234,142,5.55,1,1.8794650496471605
13,4,5,1.0,15.6,17.783333333333335,1,1,1,N,Manhattan,Midtown Center,Manhattan,Penn Station/Madison Sq West,yellow,train,161,186,3.0,1,1.3862943611198906
21,2,4,1.22,9.3,7.4,2,1,1,N,Manhattan,Kips Bay,Manhattan,East Village,yellow,train,137,79,3.01,1,1.3887912413184778
13,0,1,1.33,10.0,8.633333333333333,2,1,1,N,Manhattan,East Harlem South,Manhattan,East Harlem North,green,train,75,74,2.3,1,1.1939224684724346
9,3,2,0.95,14.9,16.916666666666668,2,1,1,N,Manhattan,Upper East Side South,Manhattan,Midtown Center,yellow,train,237,161,3.93,1,1.5953389880545987
17,2,1,1.0,12.8,16.333333333333332,1,1,1,N,Manhattan,Midtown East,Manhattan,Midtown South,yellow,train,162,164,4.0,1,1.6094379124341003
15,4,3,0.8,10.0,11.2,1,1,1,N,Manhattan,East Chelsea,Manhattan,Garment District,yellow,train,68,100,2.95,1,1.3737155789130306
14,5,9,18.85,70.0,48.31666666666667,2,6+,2,N,Manhattan,Upper East Side North,Queens,Briarwood/Jamaica Hills,green,train,236,28,15.69,1,2.8148097376737438
17,3,3,16.8,90.2,55.45,1,1,3,N,Manhattan,Midtown North,EWR,Newark Airport,yellow,train,163,1,10.0,1,2.3978952727983707
13,3,1,0.6,5.1,2.683333333333333,2,1,1,N,Manhattan,Union Sq,Manhattan,West Village,yellow,train,234,249,1.97,1,1.0885619528146082
18,6,3,2.88,16.3,14.1,2,1,1,N,Manhattan,East Harlem North,Manhattan,Lenox Hill East,green,train,74,140,3.08,1,1.4060969884160703
20,0,9,1.99,12.1,9.633333333333333,2,1,1,N,Manhattan,East Harlem North,Manhattan,Yorkville West,green,train,74,263,3.27,1,1.451613827240533
15,6,8,1.27,7.9,5.35,2,2,1,N,Manhattan,East Village,Manhattan,Murray Hill,yellow,train,79,170,1.0,1,0.6931471805599453
16,5,8,2.16,15.6,16.0,2,3,1,N,Manhattan,East Village,Manhattan,Flatiron,yellow,train,79,90,0.0,0,0.0
22,3,7,0.92,8.6,6.866666666666666,2,1,1,N,Manhattan,Midtown North,Manhattan,Midtown Center,yellow,train,163,161,2.87,1,1.3532545070416904
10,1,6,2.24,17.0,18.35,2,1,1,N,Manhattan,Midtown Center,Manhattan,Stuy Town/Peter Cooper Village,yellow,train,161,224,4.35,1,1.6770965609079151
15,4,3,2.28,17.0,17.216666666666665,2,1,1,N,Manhattan,TriBeCa/Civic Center,Manhattan,Midtown South,yellow,train,231,164,4.35,1,1.6770965609079151
14,6,3,0.8,20.0,3.8,2,4,5,N,Brooklyn,DUMBO/Vinegar Hill,Brooklyn,Downtown Brooklyn/MetroTech,green,train,66,65,0.0,0,0.0
23,3,11,3.5,20.5,21.216666666666665,1,1,1,N,Manhattan,Penn Station/Madison Sq West,Manhattan,Upper West Side South,yellow,test,186,239,5.25,1,1.8325814637483102
0,3,6,0.49,6.5,4.75,2,1,1,N,Manhattan,Midtown South,Manhattan,Midtown South,yellow,train,164,164,2.45,1,1.2383742310432684
21,3,9,2.84,21.2,21.866666666666667,2,2,1,N,Manhattan,Lincoln Square East,Manhattan,Upper East Side South,yellow,train,142,237,6.55,1,2.0215475632609334
21,6,1,1.32,9.3,6.466666666666667,2,1,1,N,Manhattan,Morningside Heights,Manhattan,Upper West Side North,green,train,166,238,2.91,1,1.3635373739972745
22,5,4,5.83,28.9,23.316666666666666,2,2,1,N,Manhattan,Times Sq/Theatre District,Manhattan,Financial District North,yellow,train,230,87,3.0,1,1.3862943611198906
21,3,7,2.31,14.2,13.233333333333333,2,2,1,N,Manhattan,Midtown South,Manhattan,Little Italy/NoLiTa,yellow,train,164,144,0.0,0,0.0
10,3,12,3.6,28.9,32.833333333333336,1,2,1,N,Manhattan,Bloomingdale,Manhattan,Lenox Hill East,yellow,test,24,140,9.85,1,2.3841650799864684
7,1,4,1.62,12.8,11.933333333333334,2,1,1,N,Manhattan,Upper West Side South,Manhattan,Midtown Center,yellow,train,239,161,3.16,1,1.425515074273172
11,1,7,1.4,10.7,10.366666666666667,2,1,1,N,Manhattan,Upper East Side North,Manhattan,Upper East Side South,yellow,train,236,237,2.94,1,1.3711807233098425
14,2,8,7.14,38.7,37.4,2,1,1,N,Brooklyn,DUMBO/Vinegar Hill,Manhattan,East Chelsea,green,train,66,68,5.0,1,1.791759469228055
21,5,7,2.13,10.7,5.85,2,1,1,N,Manhattan,Lenox Hill West,Manhattan,East Harlem North,yellow,train,141,74,4.71,1,1.742219023667919
0,5,11,0.45,5.8,4.4,2,1,1,N,Manhattan,Midtown Center,Manhattan,Garment District,yellow,test,161,100,2.31,1,1.1969481893889715
11,2,5,0.4,7.2,6.216666666666667,1,2,1,N,Manhattan,Times Sq/Theatre District,Manhattan,Penn Station/Madison Sq West,yellow,train,230,186,2.35,1,1.208960345836975
11,5,1,0.69,5.8,3.1166666666666667,2,6+,1,N,Manhattan,Central Harlem North,Bronx,West Concourse,green,train,42,247,1.46,1,0.9001613499442714
15,0,7,0.88,7.9,6.416666666666667,2,1,1,N,Manhattan,Central Harlem,Manhattan,Central Harlem North,green,train,41,42,3.0,1,1.3862943611198906
16,3,3,1.9,15.6,16.883333333333333,1,1,1,N,Manhattan,Midtown Center,Manhattan,Upper East Side South,yellow,train,161,237,4.55,1,1.713797927758343
7,0,6,1.24,8.6,7.083333333333333,2,1,1,N,Manhattan,East Harlem North,Manhattan,East Harlem South,green,train,74,75,2.02,1,1.1052568313867783
15,1,3,0.67,6.5,4.633333333333334,2,1,1,N,Manhattan,Central Harlem North,Manhattan,Central Harlem North,green,train,42,42,1.6,1,0.9555114450274363
22,6,7,9.67,38.0,19.616666666666667,2,1,1,N,Queens,LaGuardia Airport,Manhattan,Sutton Place/Turtle Bay North,yellow,train,138,229,11.14,1,2.4965057856313524
16,6,5,18.78,77.2,52.1,2,1,1,N,Queens,JFK Airport,Brooklyn,Kensington,yellow,train,132,133,6.0,1,1.9459101490553132
9,1,6,1.8,13.5,13.383333333333333,1,1,1,N,Manhattan,East Harlem North,Manhattan,Morningside Heights,green,train,74,166,0.0,0,0.0
8,4,10,1.42,12.8,13.233333333333333,2,2,1,N,Manhattan,East Harlem North,Manhattan,East Harlem South,green,valid,74,75,2.86,1,1.3506671834767394
19,4,12,0.62,5.8,2.8833333333333333,2,3,1,N,Manhattan,Lenox Hill East,Manhattan,Yorkville East,yellow,test,140,262,2.46,1,1.2412685890696329
5,6,8,10.05,40.8,20.333333333333332,2,1,1,N,Manhattan,Upper West Side South,Queens,LaGuardia Airport,yellow,train,239,138,6.0,1,1.9459101490553132
23,4,6,6.81,34.5,29.2,2,1,1,N,Manhattan,West Village,Manhattan,Central Park,yellow,train,249,43,12.07,1,2.570319527636131
13,6,1,0.55,4.4,1.7666666666666666,2,1,1,N,Manhattan,Midtown East,Manhattan,Upper East Side South,yellow,train,162,237,2.75,1,1.3217558399823195
15,6,5,0.98,8.6,7.15,2,1,1,N,Manhattan,Upper West Side North,Manhattan,Upper West Side South,yellow,train,238,239,0.0,0,0.0
19,6,10,3.42,19.1,17.483333333333334,2,1,1,N,Manhattan,East Harlem North,Manhattan,Upper West Side South,green,valid,74,239,5.84,1,1.922787731634459
11,5,7,1.6,10.7,7.983333333333333,2,1,1,N,Manhattan,Central Park,Manhattan,Upper East Side North,yellow,train,43,236,1.47,1,0.9042181506398859
17,4,7,1.35,8.6,6.666666666666667,2,1,1,N,Manhattan,East Harlem South,Manhattan,East Harlem North,green,train,75,74,2.52,1,1.2584609896100056
18,1,11,3.59,17.7,10.483333333333333,2,1,1,N,Manhattan,Financial District South,Manhattan,East Village,yellow,test,88,79,0.0,0,0.0
18,3,1,1.14,10.0,8.983333333333333,2,2,1,N,Manhattan,Times Sq/Theatre District,Manhattan,Lincoln Square East,yellow,train,230,142,3.45,1,1.4929040961781488
9,3,6,1.67,12.8,12.6,2,1,1,N,Manhattan,Upper East Side South,Manhattan,Murray Hill,yellow,train,237,170,2.63,1,1.2892326482767593
13,4,10,9.8,46.5,43.233333333333334,1,1,99,N,Manhattan,Upper West Side North,Queens,Rego Park,yellow,valid,238,196,0.0,0,0.0
18,2,6,3.11,17.7,15.966666666666667,2,1,1,N,Manhattan,Garment District,Manhattan,Yorkville East,yellow,train,100,262,2.5,1,1.252762968495368
15,0,4,0.7,9.3,9.483333333333333,1,1,1,N,Manhattan,East Harlem South,Manhattan,Upper East Side North,yellow,train,75,236,1.5,1,0.9162907318741551
8,0,7,0.56,6.5,5.133333333333334,2,1,1,N,Manhattan,Upper East Side North,Manhattan,Yorkville East,yellow,train,236,262,2.0,1,1.0986122886681098
10,6,3,1.06,7.9,6.15,2,1,1,N,Manhattan,Yorkville East,Manhattan,Lenox Hill West,yellow,train,262,141,2.38,1,1.2178757094949273
19,0,9,3.19,19.1,18.283333333333335,2,1,1,N,Manhattan,Lincoln Square West,Manhattan,Murray Hill,yellow,train,143,170,5.12,1,1.8115620965242347
3,6,6,6.72,30.3,23.25,2,2,1,N,Manhattan,Gramercy,Queens,Steinway,yellow,train,107,223,7.21,1,2.105352923464337
12,0,6,1.03,9.3,7.283333333333333,2,1,1,N,Manhattan,Morningside Heights,Manhattan,Central Harlem,green,train,166,41,2.7,1,1.308332819650179
9,2,4,0.47,7.2,6.0,2,1,1,N,Manhattan,Upper East Side South,Manhattan,Midtown North,yellow,train,237,163,1.05,1,0.7178397931503169
17,2,9,0.9,12.1,13.0,2,1,1,N,Manhattan,Midtown North,Manhattan,Garment District,yellow,train,163,100,4.84,1,1.7647307968401356
17,3,10,1.7,22.6,27.916666666666668,1,1,1,N,Manhattan,Union Sq,Manhattan,Times Sq/Theatre District,yellow,valid,234,230,5.95,1,1.9387416595767009
12,4,6,2.1,19.5,16.533333333333335,1,1,99,N,Bronx,Claremont/Bathgate,Bronx,Norwood,yellow,train,47,174,0.0,0,0.0
20,0,1,1.08,8.6,7.65,2,1,1,N,Manhattan,Lenox Hill West,Manhattan,Midtown North,yellow,train,141,163,2.15,1,1.1474024528375417
10,6,9,1.2,7.2,3.4166666666666665,1,1,1,Y,Manhattan,Yorkville West,Manhattan,Lenox Hill West,yellow,train,263,141,1.05,1,0.7178397931503169
11,1,11,0.6,7.9,7.2,2,1,1,N,Manhattan,Upper East Side South,Manhattan,Lenox Hill West,yellow,test,237,141,2.53,1,1.2612978709452054
12,4,11,1.3,8.6,7.833333333333333,1,1,1,N,Manhattan,Lenox Hill West,Manhattan,Kips Bay,yellow,test,141,137,2.0,1,1.0986122886681098
14,2,11,1.02,8.6,6.7,2,6+,1,N,Manhattan,Central Park,Manhattan,Upper West Side North,green,test,43,238,2.02,1,1.1052568313867783
11,2,7,1.11,8.6,6.35,2,1,1,N,Manhattan,Upper West Side North,Manhattan,Lincoln Square East,yellow,train,238,142,3.15,1,1.423108334242607
15,0,2,1.1,11.4,11.383333333333333,2,1,1,N,Manhattan,Garment District,Manhattan,Midtown East,yellow,train,100,162,3.23,1,1.4422019930581866
13,3,1,0.62,7.2,5.966666666666667,2,1,1,N,Manhattan,Midtown South,Manhattan,Midtown North,yellow,train,164,163,2.05,1,1.1151415906193203
12,5,9,0.61,6.5,4.366666666666666,2,1,1,N,Manhattan,East Harlem South,Manhattan,East Harlem South,green,train,75,75,0.0,0,0.0
11,1,10,8.1,34.5,80.86666666666666,1,1,99,N,Manhattan,Upper West Side North,Queens,Jackson Heights,yellow,valid,238,129,0.0,0,0.0
17,2,3,2.28,15.6,16.466666666666665,2,1,1,N,Manhattan,West Chelsea/Hudson Yards,Manhattan,West Village,yellow,train,246,249,2.0,1,1.0986122886681098
17,6,6,2.96,17.7,17.683333333333334,2,1,1,N,Manhattan,East Harlem North,Manhattan,Upper West Side North,green,train,74,238,3.29,1,1.4562867329399256
16,1,9,2.55,17.7,16.483333333333334,2,1,1,N,Manhattan,East Harlem North,Bronx,Highbridge,green,train,74,119,4.34,1,1.6752256529721035
